{"14.png": 1.4572, "15.png": 1.3994, "27.png": 1.5282, "35.png": 1.1798000000000002, "37.png": 1.4314, "6.png": 1.1787999999999998}