{"14.png": 0.4857333333333334, "15.png": 0.524775, "27.png": 0.7641, "35.png": 0.5899000000000001, "37.png": 0.7157, "6.png": 0.7858666666666666}