{"14.png": 0.33333333333333337, "15.png": 0.375, "27.png": 0.5, "35.png": 0.5, "37.png": 0.5, "6.png": 0.6666666666666667}