{"14.png": 0.45320000000000005, "15.png": 0.0, "27.png": 0.7022999999999999, "35.png": 0.558, "37.png": 0.6476, "6.png": 0.7480000000000001}