{"14.png": 1.5534, "15.png": 1.5426, "27.png": 1.6480000000000001, "35.png": 1.3656000000000001, "37.png": 1.5722, "6.png": 1.3558}