{"14.png": 1.5534, "15.png": 1.0284000000000002, "27.png": 1.6480000000000001, "35.png": 0.6828000000000001, "37.png": 1.5722, "6.png": 1.3558}