{"14.png": 0.5178, "15.png": 0.192825, "27.png": 0.0, "35.png": 0.6828000000000001, "37.png": 0.0, "6.png": 0.9038666666666667}